dataset_id,model_family,k_total_runs,auxiliary_runs,subset_count,case_count,full_review_workload,full_hc_disagreement_n,auxiliary_fit_fraction_of_full,gate_decision_agreement_median,gate_decision_agreement_q25,gate_decision_agreement_q75,gate_decision_agreement_mean,review_recall_median,review_recall_q25,review_recall_q75,review_recall_mean,review_precision_median,review_precision_q25,review_precision_q75,review_precision_mean,review_jaccard_median,review_jaccard_q25,review_jaccard_q75,review_jaccard_mean,hc_disagreement_recall_median,hc_disagreement_recall_q25,hc_disagreement_recall_q75,hc_disagreement_recall_mean,hc_disagreement_precision_median,hc_disagreement_precision_q25,hc_disagreement_precision_q75,hc_disagreement_precision_mean,hc_disagreement_jaccard_median,hc_disagreement_jaccard_q25,hc_disagreement_jaccard_q75,hc_disagreement_jaccard_mean,agreement_mae_median,agreement_mae_q25,agreement_mae_q75,agreement_mae_mean,review_workload_median,review_workload_q25,review_workload_q75,review_workload_mean,review_workload_delta_median,review_workload_delta_q25,review_workload_delta_q75,review_workload_delta_mean
ai4i_2020,decision_tree,3,2,171,2000,0.0115,18,0.10526315789473684,0.9965,0.9955,0.997,0.9962017543859649,0.6956521739130435,0.6086956521739131,0.7391304347826086,0.669717772692601,1.0,1.0,1.0,1.0,0.6956521739130435,0.6086956521739131,0.7391304347826086,0.669717772692601,0.8333333333333334,0.6666666666666666,0.8888888888888888,0.783625730994152,0.9285714285714286,0.875,0.9444444444444444,0.9149842446282074,0.7777777777777778,0.631578947368421,0.8421052631578947,0.7335385246742587,0.0022833333333333334,0.0019249999999999998,0.002666666666666667,0.002319590643274854,0.008,0.007,0.0085,0.007701754385964914,-0.0034999999999999996,-0.0045,-0.002999999999999999,-0.0037982456140350875
ai4i_2020,decision_tree,5,4,1000,2000,0.0115,18,0.21052631578947367,0.9985,0.9975,0.999,0.998188,0.8695652173913043,0.782608695652174,0.9130434782608695,0.8424347826086956,1.0,1.0,1.0,1.0,0.8695652173913043,0.782608695652174,0.9130434782608695,0.8424347826086956,0.7222222222222222,0.6111111111111112,0.8888888888888888,0.7371666666666667,1.0,0.9411764705882353,1.0,0.971508437726704,0.7222222222222222,0.6111111111111112,0.8421052631578947,0.7222832497911444,0.0016000000000000003,0.0014,0.0019000000000000002,0.0016609,0.01,0.009,0.0105,0.009687999999999999,-0.0014999999999999996,-0.0025000000000000005,-0.0009999999999999992,-0.0018120000000000002
ai4i_2020,decision_tree,10,9,1000,2000,0.0115,18,0.47368421052631576,0.9995,0.999,1.0,0.9994694999999999,0.9565217391304348,0.9130434782608695,1.0,0.9538695652173913,1.0,1.0,1.0,1.0,0.9565217391304348,0.9130434782608695,1.0,0.9538695652173913,0.9444444444444444,0.8888888888888888,0.9444444444444444,0.9152777777777779,1.0,0.9444444444444444,1.0,0.98041987418756,0.8947368421052632,0.8888888888888888,0.9444444444444444,0.8988347953216376,0.0008999999999999999,0.00075,0.0010500000000000002,0.0009107999999999999,0.011,0.0105,0.0115,0.010969500000000002,-0.0005000000000000004,-0.0009999999999999992,0.0,-0.0005304999999999999
ai4i_2020,decision_tree,15,14,1000,2000,0.0115,18,0.7368421052631579,1.0,1.0,1.0,0.999901,1.0,1.0,1.0,0.991391304347826,1.0,1.0,1.0,1.0,1.0,1.0,1.0,0.991391304347826,1.0,0.9444444444444444,1.0,0.9684444444444446,1.0,0.9473684210526315,1.0,0.9861570347437221,0.9473684210526315,0.9444444444444444,1.0,0.9553362573099416,0.0005499999999999998,0.0004500000000000001,0.0006333333333333333,0.0005502,0.0115,0.0115,0.0115,0.011401,0.0,0.0,0.0,-9.900000000000006e-05
ai4i_2020,decision_tree,20,19,1,2000,0.0115,18,1.0,1.0,1.0,1.0,1.0,1.0,1.0,1.0,1.0,1.0,1.0,1.0,1.0,1.0,1.0,1.0,1.0,1.0,1.0,1.0,1.0,1.0,1.0,1.0,1.0,1.0,1.0,1.0,1.0,0.0,0.0,0.0,0.0,0.0115,0.0115,0.0115,0.0115,0.0,0.0,0.0,0.0
ai4i_2020,flat_neuro_fuzzy,3,2,171,2000,0.1065,0,0.10526315789473684,1.0,1.0,1.0,1.0,1.0,1.0,1.0,1.0,1.0,1.0,1.0,1.0,1.0,1.0,1.0,1.0,,,,,,,,,,,,,0.009116666666666665,0.00805833333333333,0.010241666666666666,0.009826803118908382,0.1065,0.1065,0.1065,0.10650000000000003,0.0,0.0,0.0,0.0
ai4i_2020,flat_neuro_fuzzy,5,4,1000,2000,0.1065,0,0.21052631578947367,1.0,1.0,1.0,1.0,1.0,1.0,1.0,1.0,1.0,1.0,1.0,1.0,1.0,1.0,1.0,1.0,,,,,,,,,,,,,0.006300000000000001,0.00545,0.00785,0.0068169,0.1065,0.1065,0.1065,0.10650000000000003,0.0,0.0,0.0,0.0
ai4i_2020,flat_neuro_fuzzy,10,9,1000,2000,0.1065,0,0.47368421052631576,1.0,1.0,1.0,1.0,1.0,1.0,1.0,1.0,1.0,1.0,1.0,1.0,1.0,1.0,1.0,1.0,,,,,,,,,,,,,0.0036,0.0030499999999999998,0.004200000000000001,0.00366325,0.1065,0.1065,0.1065,0.10650000000000003,0.0,0.0,0.0,0.0
ai4i_2020,flat_neuro_fuzzy,15,14,1000,2000,0.1065,0,0.7368421052631579,1.0,1.0,1.0,1.0,1.0,1.0,1.0,1.0,1.0,1.0,1.0,1.0,1.0,1.0,1.0,1.0,,,,,,,,,,,,,0.002166666666666666,0.0019499999999999993,0.002416666666666666,0.0022188,0.1065,0.1065,0.1065,0.10650000000000003,0.0,0.0,0.0,0.0
ai4i_2020,flat_neuro_fuzzy,20,19,1,2000,0.1065,0,1.0,1.0,1.0,1.0,1.0,1.0,1.0,1.0,1.0,1.0,1.0,1.0,1.0,1.0,1.0,1.0,1.0,,,,,,,,,,,,,0.0,0.0,0.0,0.0,0.1065,0.1065,0.1065,0.1065,0.0,0.0,0.0,0.0
ai4i_2020,gradient_boosting,3,2,171,2000,0.0495,0,0.10526315789473684,1.0,1.0,1.0,1.0,1.0,1.0,1.0,1.0,1.0,1.0,1.0,1.0,1.0,1.0,1.0,1.0,,,,,,,,,,,,,0.0012250000000000002,0.0009083333333333334,0.0012250000000000002,0.0010969298245614037,0.0495,0.0495,0.0495,0.049499999999999995,0.0,0.0,0.0,0.0
ai4i_2020,gradient_boosting,5,4,1000,2000,0.0495,0,0.21052631578947367,1.0,1.0,1.0,1.0,1.0,1.0,1.0,1.0,1.0,1.0,1.0,1.0,1.0,1.0,1.0,1.0,,,,,,,,,,,,,0.0008000000000000001,0.0005750000000000002,0.0011375,0.0008389500000000001,0.0495,0.0495,0.0495,0.0495,0.0,0.0,0.0,0.0
ai4i_2020,gradient_boosting,10,9,1000,2000,0.0495,0,0.47368421052631576,1.0,1.0,1.0,1.0,1.0,1.0,1.0,1.0,1.0,1.0,1.0,1.0,1.0,1.0,1.0,1.0,,,,,,,,,,,,,0.00047499999999999984,0.00032499999999999993,0.0005875000000000001,0.00046770000000000004,0.0495,0.0495,0.0495,0.0495,0.0,0.0,0.0,0.0
ai4i_2020,gradient_boosting,15,14,1000,2000,0.0495,0,0.7368421052631579,1.0,1.0,1.0,1.0,1.0,1.0,1.0,1.0,1.0,1.0,1.0,1.0,1.0,1.0,1.0,1.0,,,,,,,,,,,,,0.0002583333333333334,0.00019166666666666656,0.00037500000000000033,0.0002856333333333333,0.0495,0.0495,0.0495,0.0495,0.0,0.0,0.0,0.0
ai4i_2020,gradient_boosting,20,19,1,2000,0.0495,0,1.0,1.0,1.0,1.0,1.0,1.0,1.0,1.0,1.0,1.0,1.0,1.0,1.0,1.0,1.0,1.0,1.0,,,,,,,,,,,,,0.0,0.0,0.0,0.0,0.0495,0.0495,0.0495,0.0495,0.0,0.0,0.0,0.0
ai4i_2020,logistic_regression,3,2,171,2000,0.0835,0,0.10526315789473684,1.0,1.0,1.0,1.0,1.0,1.0,1.0,1.0,1.0,1.0,1.0,1.0,1.0,1.0,1.0,1.0,,,,,,,,,,,,,0.0,0.0,0.0,0.0,0.0835,0.0835,0.0835,0.0835,0.0,0.0,0.0,0.0
ai4i_2020,logistic_regression,5,4,1000,2000,0.0835,0,0.21052631578947367,1.0,1.0,1.0,1.0,1.0,1.0,1.0,1.0,1.0,1.0,1.0,1.0,1.0,1.0,1.0,1.0,,,,,,,,,,,,,0.0,0.0,0.0,0.0,0.0835,0.0835,0.0835,0.08349999999999998,0.0,0.0,0.0,0.0
ai4i_2020,logistic_regression,10,9,1000,2000,0.0835,0,0.47368421052631576,1.0,1.0,1.0,1.0,1.0,1.0,1.0,1.0,1.0,1.0,1.0,1.0,1.0,1.0,1.0,1.0,,,,,,,,,,,,,0.0,0.0,0.0,0.0,0.0835,0.0835,0.0835,0.08349999999999998,0.0,0.0,0.0,0.0
ai4i_2020,logistic_regression,15,14,1000,2000,0.0835,0,0.7368421052631579,1.0,1.0,1.0,1.0,1.0,1.0,1.0,1.0,1.0,1.0,1.0,1.0,1.0,1.0,1.0,1.0,,,,,,,,,,,,,0.0,0.0,0.0,0.0,0.0835,0.0835,0.0835,0.08349999999999998,0.0,0.0,0.0,0.0
ai4i_2020,logistic_regression,20,19,1,2000,0.0835,0,1.0,1.0,1.0,1.0,1.0,1.0,1.0,1.0,1.0,1.0,1.0,1.0,1.0,1.0,1.0,1.0,1.0,,,,,,,,,,,,,0.0,0.0,0.0,0.0,0.0835,0.0835,0.0835,0.0835,0.0,0.0,0.0,0.0
ai4i_2020,random_forest,3,2,171,2000,0.0705,0,0.10526315789473684,0.9995,0.9995,1.0,0.9994795321637427,1.0,1.0,1.0,1.0,0.9929577464788732,0.9929577464788732,1.0,0.9927850629914491,0.9929577464788732,0.9929577464788732,1.0,0.9927850629914491,,,,,0.0,0.0,0.0,0.0,0.0,0.0,0.0,0.0,0.005525,0.005241666666666667,0.005800000000000001,0.005521686159844054,0.071,0.0705,0.071,0.07102046783625729,0.0005000000000000004,0.0,0.0005000000000000004,0.0005204678362573104
ai4i_2020,random_forest,5,4,1000,2000,0.0705,0,0.21052631578947367,1.0,1.0,1.0,0.999972,1.0,1.0,1.0,1.0,1.0,1.0,1.0,0.9996058307889293,1.0,1.0,1.0,0.9996058307889293,,,,,0.0,0.0,0.0,0.0,0.0,0.0,0.0,0.0,0.0040750000000000005,0.0038250000000000003,0.004275,0.004065200000000001,0.0705,0.0705,0.0705,0.070528,0.0,0.0,0.0,2.8000000000000023e-05
ai4i_2020,random_forest,10,9,1000,2000,0.0705,0,0.47368421052631576,1.0,1.0,1.0,1.0,1.0,1.0,1.0,1.0,1.0,1.0,1.0,1.0,1.0,1.0,1.0,1.0,,,,,,,,,,,,,0.002375,0.002225,0.002525,0.0023778,0.0705,0.0705,0.0705,0.0705,0.0,0.0,0.0,0.0
ai4i_2020,random_forest,15,14,1000,2000,0.0705,0,0.7368421052631579,1.0,1.0,1.0,1.0,1.0,1.0,1.0,1.0,1.0,1.0,1.0,1.0,1.0,1.0,1.0,1.0,,,,,,,,,,,,,0.001375,0.0012916666666666667,0.001458333333333333,0.00138055,0.0705,0.0705,0.0705,0.0705,0.0,0.0,0.0,0.0
ai4i_2020,random_forest,20,19,1,2000,0.0705,0,1.0,1.0,1.0,1.0,1.0,1.0,1.0,1.0,1.0,1.0,1.0,1.0,1.0,1.0,1.0,1.0,1.0,,,,,,,,,,,,,0.0,0.0,0.0,0.0,0.0705,0.0705,0.0705,0.0705,0.0,0.0,0.0,0.0
uci_bank_marketing,decision_tree,3,2,171,8238,0.09322651128914786,507,0.10526315789473684,0.9655256130128672,0.9643117261471231,0.9663753338188881,0.9653864774422907,0.6315104166666666,0.6178385416666667,0.6393229166666666,0.6295230263157895,0.998003992015968,0.9979231545621587,1.0,0.9987239197564155,0.6302083333333334,0.6174364027958388,0.6393229166666666,0.6290143039733994,0.7435897435897436,0.7238658777120316,0.7554240631163708,0.741744235671361,0.8816705336426914,0.8691051472842293,0.8891503267973856,0.878885112170199,0.6762075134168157,0.6528282449896985,0.6909090909090909,0.6731297448166321,0.016943837501011572,0.01662418062636562,0.017433438536861696,0.017011630597899622,0.05899490167516387,0.05765962612284535,0.05972323379461034,0.05876348230777641,-0.034231609613983985,-0.035566885166302506,-0.03350327749453751,-0.034463028981371456
uci_bank_marketing,decision_tree,5,4,1000,8238,0.09322651128914786,507,0.21052631578947367,0.9813061422675406,0.9804564214615198,0.9820344743869871,0.9811860888565186,0.80078125,0.7916666666666666,0.80859375,0.7994713541666666,0.9983766233766234,0.9983186203774439,1.0,0.9984023207448338,0.7996095443216298,0.7909090909090909,0.807354315669701,0.7984502950443219,0.6706114398422091,0.650887573964497,0.6863905325443787,0.6695443786982248,0.9565845689871828,0.9491865313151455,0.9631728045325779,0.9559741689057377,0.648854961832061,0.6321914293519592,0.6679389312977099,0.6495943649589688,0.012181354697742171,0.011899126001456664,0.012460548676863317,0.01219270453993688,0.07477543092983734,0.07392571012381646,0.0755037630492838,0.07465125030347172,-0.01845108035931052,-0.019300801165331394,-0.017722748239864056,-0.01857526098567614
uci_bank_marketing,decision_tree,10,9,1000,8238,0.09322651128914786,507,0.47368421052631576,0.9938091769847051,0.993202233551833,0.9944161204175771,0.9937930322893905,0.93359375,0.9283854166666666,0.9401041666666666,0.93393359375,1.0,0.9986111111111111,1.0,0.9994501673536551,0.93359375,0.9271781534460338,0.9401041666666666,0.9334564193788033,0.8579881656804734,0.8461538461538461,0.873767258382643,0.8592130177514794,0.9650272806321845,0.9598025121065376,0.9707207207207207,0.9649899039865321,0.8328546642548635,0.8199233716475096,0.8476190476190476,0.833279269993662,0.006846321922796795,0.006670308327263899,0.007010196649672251,0.006843020150521971,0.0871570769604273,0.08655013352755524,0.08764263170672493,0.08711519786355913,-0.006069434328720563,-0.0066763777615926195,-0.005583879582422929,-0.006111313425588741
uci_bank_marketing,decision_tree,15,14,1000,8238,0.09322651128914786,507,0.7368421052631579,0.9979363923282351,0.9975722262685117,0.9984219470745327,0.9979747511531926,0.98046875,0.9752604166666666,0.984375,0.97967578125,0.99867197875166,0.9986477330989526,0.9986824769433466,0.9985724612981424,0.977922077922078,0.9739921976592978,0.9830729166666666,0.9783085214606589,0.9388560157790927,0.9309664694280079,0.9467455621301775,0.9382287968441814,0.9758064516129032,0.9726747014595312,0.9796851036461682,0.976072106243999,0.9173076923076923,0.9078694817658349,0.9268174744330814,0.917167921695863,0.004058428421137817,0.003967386906207009,0.0041535162256211055,0.004061204175770819,0.0915270696771061,0.09104151493080845,0.09189123573682932,0.09146224811847536,-0.0016994416120417605,-0.0021849963583394083,-0.001335275552318535,-0.0017642631706724988
uci_bank_marketing,decision_tree,20,19,1,8238,0.09322651128914786,507,1.0,1.0,1.0,1.0,1.0,1.0,1.0,1.0,1.0,1.0,1.0,1.0,1.0,1.0,1.0,1.0,1.0,1.0,1.0,1.0,1.0,1.0,1.0,1.0,1.0,1.0,1.0,1.0,1.0,0.0,0.0,0.0,0.0,0.09322651128914786,0.09322651128914786,0.09322651128914786,0.09322651128914786,0.0,0.0,0.0,0.0
uci_bank_marketing,flat_neuro_fuzzy,3,2,171,8238,0.7912114590920126,0,0.10526315789473684,1.0,1.0,1.0,1.0,1.0,1.0,1.0,1.0,1.0,1.0,1.0,1.0,1.0,1.0,1.0,1.0,,,,,,,,,,,,,0.0,0.0,0.0,0.0,0.7912114590920126,0.7912114590920126,0.7912114590920126,0.7912114590920126,0.0,0.0,0.0,0.0
uci_bank_marketing,flat_neuro_fuzzy,5,4,1000,8238,0.7912114590920126,0,0.21052631578947367,1.0,1.0,1.0,1.0,1.0,1.0,1.0,1.0,1.0,1.0,1.0,1.0,1.0,1.0,1.0,1.0,,,,,,,,,,,,,0.0,0.0,0.0,0.0,0.7912114590920126,0.7912114590920126,0.7912114590920126,0.7912114590920127,0.0,0.0,0.0,0.0
uci_bank_marketing,flat_neuro_fuzzy,10,9,1000,8238,0.7912114590920126,0,0.47368421052631576,1.0,1.0,1.0,1.0,1.0,1.0,1.0,1.0,1.0,1.0,1.0,1.0,1.0,1.0,1.0,1.0,,,,,,,,,,,,,0.0,0.0,0.0,0.0,0.7912114590920126,0.7912114590920126,0.7912114590920126,0.7912114590920127,0.0,0.0,0.0,0.0
uci_bank_marketing,flat_neuro_fuzzy,15,14,1000,8238,0.7912114590920126,0,0.7368421052631579,1.0,1.0,1.0,1.0,1.0,1.0,1.0,1.0,1.0,1.0,1.0,1.0,1.0,1.0,1.0,1.0,,,,,,,,,,,,,0.0,0.0,0.0,0.0,0.7912114590920126,0.7912114590920126,0.7912114590920126,0.7912114590920127,0.0,0.0,0.0,0.0
uci_bank_marketing,flat_neuro_fuzzy,20,19,1,8238,0.7912114590920126,0,1.0,1.0,1.0,1.0,1.0,1.0,1.0,1.0,1.0,1.0,1.0,1.0,1.0,1.0,1.0,1.0,1.0,,,,,,,,,,,,,0.0,0.0,0.0,0.0,0.7912114590920126,0.7912114590920126,0.7912114590920126,0.7912114590920126,0.0,0.0,0.0,0.0
uci_bank_marketing,gradient_boosting,3,2,171,8238,0.2143724204904103,0,0.10526315789473684,1.0,1.0,1.0,1.0,1.0,1.0,1.0,1.0,1.0,1.0,1.0,1.0,1.0,1.0,1.0,1.0,,,,,,,,,,,,,0.0,0.0,0.0,0.0,0.2143724204904103,0.2143724204904103,0.2143724204904103,0.2143724204904103,0.0,0.0,0.0,0.0
uci_bank_marketing,gradient_boosting,5,4,1000,8238,0.2143724204904103,0,0.21052631578947367,1.0,1.0,1.0,1.0,1.0,1.0,1.0,1.0,1.0,1.0,1.0,1.0,1.0,1.0,1.0,1.0,,,,,,,,,,,,,0.0,0.0,0.0,0.0,0.2143724204904103,0.2143724204904103,0.2143724204904103,0.2143724204904104,0.0,0.0,0.0,0.0
uci_bank_marketing,gradient_boosting,10,9,1000,8238,0.2143724204904103,0,0.47368421052631576,1.0,1.0,1.0,1.0,1.0,1.0,1.0,1.0,1.0,1.0,1.0,1.0,1.0,1.0,1.0,1.0,,,,,,,,,,,,,0.0,0.0,0.0,0.0,0.2143724204904103,0.2143724204904103,0.2143724204904103,0.2143724204904104,0.0,0.0,0.0,0.0
uci_bank_marketing,gradient_boosting,15,14,1000,8238,0.2143724204904103,0,0.7368421052631579,1.0,1.0,1.0,1.0,1.0,1.0,1.0,1.0,1.0,1.0,1.0,1.0,1.0,1.0,1.0,1.0,,,,,,,,,,,,,0.0,0.0,0.0,0.0,0.2143724204904103,0.2143724204904103,0.2143724204904103,0.2143724204904104,0.0,0.0,0.0,0.0
uci_bank_marketing,gradient_boosting,20,19,1,8238,0.2143724204904103,0,1.0,1.0,1.0,1.0,1.0,1.0,1.0,1.0,1.0,1.0,1.0,1.0,1.0,1.0,1.0,1.0,1.0,,,,,,,,,,,,,0.0,0.0,0.0,0.0,0.2143724204904103,0.2143724204904103,0.2143724204904103,0.2143724204904103,0.0,0.0,0.0,0.0
uci_bank_marketing,logistic_regression,3,2,171,8238,0.23512988589463463,0,0.10526315789473684,1.0,1.0,1.0,1.0,1.0,1.0,1.0,1.0,1.0,1.0,1.0,1.0,1.0,1.0,1.0,1.0,,,,,,,,,,,,,0.0,0.0,0.0,0.0,0.23512988589463463,0.23512988589463463,0.23512988589463463,0.23512988589463463,0.0,0.0,0.0,0.0
uci_bank_marketing,logistic_regression,5,4,1000,8238,0.23512988589463463,0,0.21052631578947367,1.0,1.0,1.0,1.0,1.0,1.0,1.0,1.0,1.0,1.0,1.0,1.0,1.0,1.0,1.0,1.0,,,,,,,,,,,,,0.0,0.0,0.0,0.0,0.23512988589463463,0.23512988589463463,0.23512988589463463,0.23512988589463463,0.0,0.0,0.0,0.0
uci_bank_marketing,logistic_regression,10,9,1000,8238,0.23512988589463463,0,0.47368421052631576,1.0,1.0,1.0,1.0,1.0,1.0,1.0,1.0,1.0,1.0,1.0,1.0,1.0,1.0,1.0,1.0,,,,,,,,,,,,,0.0,0.0,0.0,0.0,0.23512988589463463,0.23512988589463463,0.23512988589463463,0.23512988589463463,0.0,0.0,0.0,0.0
uci_bank_marketing,logistic_regression,15,14,1000,8238,0.23512988589463463,0,0.7368421052631579,1.0,1.0,1.0,1.0,1.0,1.0,1.0,1.0,1.0,1.0,1.0,1.0,1.0,1.0,1.0,1.0,,,,,,,,,,,,,0.0,0.0,0.0,0.0,0.23512988589463463,0.23512988589463463,0.23512988589463463,0.23512988589463463,0.0,0.0,0.0,0.0
uci_bank_marketing,logistic_regression,20,19,1,8238,0.23512988589463463,0,1.0,1.0,1.0,1.0,1.0,1.0,1.0,1.0,1.0,1.0,1.0,1.0,1.0,1.0,1.0,1.0,1.0,,,,,,,,,,,,,0.0,0.0,0.0,0.0,0.23512988589463463,0.23512988589463463,0.23512988589463463,0.23512988589463463,0.0,0.0,0.0,0.0
uci_bank_marketing,random_forest,3,2,171,8238,0.29715950473415875,6,0.10526315789473684,0.9978150036416606,0.9975722262685117,0.9981791697013839,0.9978490776589447,0.9991830065359477,0.9987745098039216,0.9991830065359477,0.9990396743492718,0.9935038570848559,0.9926948051948052,0.9947132980886539,0.9937573191376039,0.9926977687626775,0.9918864097363083,0.9939049167005283,0.9928088230793933,0.6666666666666666,0.5,0.6666666666666666,0.6081871345029239,0.19230769230769232,0.15789473684210525,0.2330316742081448,0.19599900671776294,0.17391304347826086,0.13636363636363635,0.21052631578947367,0.17530877069301662,0.022934369183458772,0.022669337217771306,0.02328235008497208,0.02295292059286897,0.2987375576596261,0.2984340859431901,0.29910172371934934,0.2987396872857064,0.0015780529254673659,0.0012745812090313446,0.0019422189851905913,0.0015801825515476197
uci_bank_marketing,random_forest,5,4,1000,8238,0.29715950473415875,6,0.21052631578947367,0.9992716678805535,0.9991502791939791,0.9995144452537024,0.9992818645302257,0.9987745098039216,0.9983660130718954,0.9991830065359477,0.9987250816993463,0.9991820040899796,0.9983666802776644,0.9995910020449897,0.998858588390221,0.9975520195838433,0.9971440228478172,0.9983666802776644,0.9975866671735707,0.5,0.3333333333333333,0.6666666666666666,0.4721666666666666,0.5,0.4,0.7142857142857143,0.5627111832611832,0.3333333333333333,0.25,0.42857142857142855,0.34592060162060156,0.016933721777130373,0.016703083272638992,0.017164360281621754,0.016934777858703568,0.29703811604758434,0.29691672736100994,0.29728089342073316,0.29711993202233555,-0.00012138868657440849,-0.00024277737314881698,0.00012138868657440849,-3.957271182324801e-05
uci_bank_marketing,random_forest,10,9,1000,8238,0.29715950473415875,6,0.47368421052631576,0.9995751395969896,0.999393056567128,0.9997572226268512,0.9995341102209272,0.9995915032679739,0.9991830065359477,0.9995915032679739,0.9993582516339868,0.9991833401388321,0.9987750102082482,0.9995913363302003,0.9990744998592891,0.9985715942168059,0.9979600163198694,0.9991833401388321,0.9984340592985439,0.8333333333333334,0.6666666666666666,0.8333333333333334,0.7381666666666667,0.7142857142857143,0.5714285714285714,0.8,0.6821502830502829,0.5714285714285714,0.4444444444444444,0.7142857142857143,0.5569777028527028,0.009711094925952901,0.009565428502063607,0.009856761349842194,0.009707356154406408,0.29728089342073316,0.29715950473415875,0.2974022821073076,0.2972439912600146,0.00012138868657440849,0.0,0.0002427773731488725,8.448652585580435e-05
uci_bank_marketing,random_forest,15,14,1000,8238,0.29715950473415875,6,0.7368421052631579,0.9997572226268512,0.9995144452537024,0.9998786113134256,0.9996943432872056,0.9995915032679739,0.9995915032679739,1.0,0.9997087418300653,0.9991836734693877,0.9987760097919217,0.9995916700694161,0.9992632284497679,0.9991833401388321,0.99836867862969,0.9995915032679739,0.9989724871158079,0.8333333333333334,0.8333333333333334,1.0,0.8811666666666668,0.75,0.6666666666666666,0.8571428571428571,0.764481673881674,0.7142857142857143,0.5714285714285714,0.8333333333333334,0.6996690836940838,0.005678967386906206,0.005604111030185319,0.005757870033179573,0.005682346038682527,0.29728089342073316,0.29715950473415875,0.2974022821073076,0.29729206117989804,0.00012138868657440849,0.0,0.0002427773731488725,0.0001325564457392736
uci_bank_marketing,random_forest,20,19,1,8238,0.29715950473415875,6,1.0,1.0,1.0,1.0,1.0,1.0,1.0,1.0,1.0,1.0,1.0,1.0,1.0,1.0,1.0,1.0,1.0,1.0,1.0,1.0,1.0,1.0,1.0,1.0,1.0,1.0,1.0,1.0,1.0,0.0,0.0,0.0,0.0,0.29715950473415875,0.29715950473415875,0.29715950473415875,0.29715950473415875,0.0,0.0,0.0,0.0
wisconsin_diagnostic,decision_tree,3,2,171,114,0.02631578947368421,1,0.10526315789473684,0.9824561403508771,0.9824561403508771,0.9824561403508771,0.9824561403508768,0.3333333333333333,0.3333333333333333,0.3333333333333333,0.3333333333333333,1.0,1.0,1.0,1.0,0.3333333333333333,0.3333333333333333,0.3333333333333333,0.3333333333333333,1.0,1.0,1.0,0.7894736842105263,1.0,0.5,1.0,0.8691358024691358,1.0,0.5,1.0,0.686159844054581,0.0023391812865497085,0.002339181286549708,0.0043859649122807015,0.0033856571252693143,0.008771929824561403,0.008771929824561403,0.008771929824561403,0.008771929824561403,-0.017543859649122806,-0.017543859649122806,-0.017543859649122806,-0.017543859649122806
wisconsin_diagnostic,decision_tree,5,4,1000,114,0.02631578947368421,1,0.21052631578947367,0.9824561403508771,0.9824561403508771,0.9912280701754386,0.9858245614035085,0.3333333333333333,0.3333333333333333,0.6666666666666666,0.46133333333333326,1.0,1.0,1.0,1.0,0.3333333333333333,0.3333333333333333,0.6666666666666666,0.46133333333333326,1.0,0.0,1.0,0.743,1.0,1.0,1.0,1.0,1.0,0.0,1.0,0.743,0.0026315789473684206,0.0017543859649122814,0.0035087719298245628,0.0027078947368421057,0.008771929824561403,0.008771929824561403,0.017543859649122806,0.012140350877192983,-0.017543859649122806,-0.017543859649122806,-0.008771929824561403,-0.014175438596491228
wisconsin_diagnostic,decision_tree,10,9,1000,114,0.02631578947368421,1,0.47368421052631576,0.9912280701754386,0.9912280701754386,0.9912280701754386,0.9910877192982455,0.6666666666666666,0.6666666666666666,0.6666666666666666,0.6613333333333332,1.0,1.0,1.0,1.0,0.6666666666666666,0.6666666666666666,0.6666666666666666,0.6613333333333332,1.0,1.0,1.0,0.989,1.0,1.0,1.0,1.0,1.0,1.0,1.0,0.989,0.0017543859649122803,0.0008771929824561402,0.0017543859649122814,0.0016219298245614031,0.017543859649122806,0.017543859649122806,0.017543859649122806,0.01740350877192982,-0.008771929824561403,-0.008771929824561403,-0.008771929824561403,-0.008912280701754385
wisconsin_diagnostic,decision_tree,15,14,1000,114,0.02631578947368421,1,0.7368421052631579,1.0,0.9912280701754386,1.0,0.9953157894736842,1.0,0.6666666666666666,1.0,0.822,1.0,1.0,1.0,1.0,1.0,0.6666666666666666,1.0,0.822,1.0,1.0,1.0,1.0,1.0,1.0,1.0,1.0,1.0,1.0,1.0,1.0,0.0008771929824561402,0.0005847953216374258,0.0011695906432748525,0.0009309941520467829,0.02631578947368421,0.017543859649122806,0.02631578947368421,0.02163157894736842,0.0,-0.008771929824561403,0.0,-0.004684210526315789
wisconsin_diagnostic,decision_tree,20,19,1,114,0.02631578947368421,1,1.0,1.0,1.0,1.0,1.0,1.0,1.0,1.0,1.0,1.0,1.0,1.0,1.0,1.0,1.0,1.0,1.0,1.0,1.0,1.0,1.0,1.0,1.0,1.0,1.0,1.0,1.0,1.0,1.0,0.0,0.0,0.0,0.0,0.02631578947368421,0.02631578947368421,0.02631578947368421,0.02631578947368421,0.0,0.0,0.0,0.0
wisconsin_diagnostic,flat_neuro_fuzzy,3,2,171,114,0.21052631578947367,0,0.10526315789473684,1.0,1.0,1.0,1.0,1.0,1.0,1.0,1.0,1.0,1.0,1.0,1.0,1.0,1.0,1.0,1.0,,,,,,,,,,,,,0.002485380116959064,0.002485380116959064,0.005409356725146198,0.0038806812352518718,0.21052631578947367,0.21052631578947367,0.21052631578947367,0.21052631578947367,0.0,0.0,0.0,0.0
wisconsin_diagnostic,flat_neuro_fuzzy,5,4,1000,114,0.21052631578947367,0,0.21052631578947367,1.0,1.0,1.0,1.0,1.0,1.0,1.0,1.0,1.0,1.0,1.0,1.0,1.0,1.0,1.0,1.0,,,,,,,,,,,,,0.0030701754385964917,0.0013157894736842107,0.003947368421052631,0.0027070175438596495,0.21052631578947367,0.21052631578947367,0.21052631578947367,0.21052631578947364,0.0,0.0,0.0,0.0
wisconsin_diagnostic,flat_neuro_fuzzy,10,9,1000,114,0.21052631578947367,0,0.47368421052631576,1.0,1.0,1.0,1.0,1.0,1.0,1.0,1.0,1.0,1.0,1.0,1.0,1.0,1.0,1.0,1.0,,,,,,,,,,,,,0.0013157894736842107,0.0013157894736842098,0.00219298245614035,0.0014596491228070175,0.21052631578947367,0.21052631578947367,0.21052631578947367,0.21052631578947364,0.0,0.0,0.0,0.0
wisconsin_diagnostic,flat_neuro_fuzzy,15,14,1000,114,0.21052631578947367,0,0.7368421052631579,1.0,1.0,1.0,1.0,1.0,1.0,1.0,1.0,1.0,1.0,1.0,1.0,1.0,1.0,1.0,1.0,,,,,,,,,,,,,0.0010233918128654963,0.0004385964912280696,0.0010233918128654963,0.0008652046783625727,0.21052631578947367,0.21052631578947367,0.21052631578947367,0.21052631578947364,0.0,0.0,0.0,0.0
wisconsin_diagnostic,flat_neuro_fuzzy,20,19,1,114,0.21052631578947367,0,1.0,1.0,1.0,1.0,1.0,1.0,1.0,1.0,1.0,1.0,1.0,1.0,1.0,1.0,1.0,1.0,1.0,,,,,,,,,,,,,0.0,0.0,0.0,0.0,0.21052631578947367,0.21052631578947367,0.21052631578947367,0.21052631578947367,0.0,0.0,0.0,0.0
wisconsin_diagnostic,gradient_boosting,3,2,171,114,0.07894736842105263,0,0.10526315789473684,1.0,1.0,1.0,1.0,1.0,1.0,1.0,1.0,1.0,1.0,1.0,1.0,1.0,1.0,1.0,1.0,,,,,,,,,,,,,0.0,0.0,0.0,0.0,0.07894736842105263,0.07894736842105263,0.07894736842105263,0.07894736842105263,0.0,0.0,0.0,0.0
wisconsin_diagnostic,gradient_boosting,5,4,1000,114,0.07894736842105263,0,0.21052631578947367,1.0,1.0,1.0,1.0,1.0,1.0,1.0,1.0,1.0,1.0,1.0,1.0,1.0,1.0,1.0,1.0,,,,,,,,,,,,,0.0,0.0,0.0,0.0,0.07894736842105263,0.07894736842105263,0.07894736842105263,0.07894736842105264,0.0,0.0,0.0,0.0
wisconsin_diagnostic,gradient_boosting,10,9,1000,114,0.07894736842105263,0,0.47368421052631576,1.0,1.0,1.0,1.0,1.0,1.0,1.0,1.0,1.0,1.0,1.0,1.0,1.0,1.0,1.0,1.0,,,,,,,,,,,,,0.0,0.0,0.0,0.0,0.07894736842105263,0.07894736842105263,0.07894736842105263,0.07894736842105264,0.0,0.0,0.0,0.0
wisconsin_diagnostic,gradient_boosting,15,14,1000,114,0.07894736842105263,0,0.7368421052631579,1.0,1.0,1.0,1.0,1.0,1.0,1.0,1.0,1.0,1.0,1.0,1.0,1.0,1.0,1.0,1.0,,,,,,,,,,,,,0.0,0.0,0.0,0.0,0.07894736842105263,0.07894736842105263,0.07894736842105263,0.07894736842105264,0.0,0.0,0.0,0.0
wisconsin_diagnostic,gradient_boosting,20,19,1,114,0.07894736842105263,0,1.0,1.0,1.0,1.0,1.0,1.0,1.0,1.0,1.0,1.0,1.0,1.0,1.0,1.0,1.0,1.0,1.0,,,,,,,,,,,,,0.0,0.0,0.0,0.0,0.07894736842105263,0.07894736842105263,0.07894736842105263,0.07894736842105263,0.0,0.0,0.0,0.0
wisconsin_diagnostic,logistic_regression,3,2,171,114,0.10526315789473684,0,0.10526315789473684,1.0,1.0,1.0,1.0,1.0,1.0,1.0,1.0,1.0,1.0,1.0,1.0,1.0,1.0,1.0,1.0,,,,,,,,,,,,,0.0,0.0,0.0,0.0,0.10526315789473684,0.10526315789473684,0.10526315789473684,0.10526315789473684,0.0,0.0,0.0,0.0
wisconsin_diagnostic,logistic_regression,5,4,1000,114,0.10526315789473684,0,0.21052631578947367,1.0,1.0,1.0,1.0,1.0,1.0,1.0,1.0,1.0,1.0,1.0,1.0,1.0,1.0,1.0,1.0,,,,,,,,,,,,,0.0,0.0,0.0,0.0,0.10526315789473684,0.10526315789473684,0.10526315789473684,0.10526315789473682,0.0,0.0,0.0,0.0
wisconsin_diagnostic,logistic_regression,10,9,1000,114,0.10526315789473684,0,0.47368421052631576,1.0,1.0,1.0,1.0,1.0,1.0,1.0,1.0,1.0,1.0,1.0,1.0,1.0,1.0,1.0,1.0,,,,,,,,,,,,,0.0,0.0,0.0,0.0,0.10526315789473684,0.10526315789473684,0.10526315789473684,0.10526315789473682,0.0,0.0,0.0,0.0
wisconsin_diagnostic,logistic_regression,15,14,1000,114,0.10526315789473684,0,0.7368421052631579,1.0,1.0,1.0,1.0,1.0,1.0,1.0,1.0,1.0,1.0,1.0,1.0,1.0,1.0,1.0,1.0,,,,,,,,,,,,,0.0,0.0,0.0,0.0,0.10526315789473684,0.10526315789473684,0.10526315789473684,0.10526315789473682,0.0,0.0,0.0,0.0
wisconsin_diagnostic,logistic_regression,20,19,1,114,0.10526315789473684,0,1.0,1.0,1.0,1.0,1.0,1.0,1.0,1.0,1.0,1.0,1.0,1.0,1.0,1.0,1.0,1.0,1.0,,,,,,,,,,,,,0.0,0.0,0.0,0.0,0.10526315789473684,0.10526315789473684,0.10526315789473684,0.10526315789473684,0.0,0.0,0.0,0.0
wisconsin_diagnostic,random_forest,3,2,171,114,0.21052631578947367,0,0.10526315789473684,1.0,1.0,1.0,1.0,1.0,1.0,1.0,1.0,1.0,1.0,1.0,1.0,1.0,1.0,1.0,1.0,,,,,,,,,,,,,0.010526315789473684,0.008187134502923977,0.012573099415204677,0.010408330768441573,0.21052631578947367,0.21052631578947367,0.21052631578947367,0.21052631578947367,0.0,0.0,0.0,0.0
wisconsin_diagnostic,random_forest,5,4,1000,114,0.21052631578947367,0,0.21052631578947367,1.0,1.0,1.0,1.0,1.0,1.0,1.0,1.0,1.0,1.0,1.0,1.0,1.0,1.0,1.0,1.0,,,,,,,,,,,,,0.007894736842105265,0.007017543859649123,0.009649122807017544,0.008238596491228071,0.21052631578947367,0.21052631578947367,0.21052631578947367,0.21052631578947364,0.0,0.0,0.0,0.0
wisconsin_diagnostic,random_forest,10,9,1000,114,0.21052631578947367,0,0.47368421052631576,1.0,1.0,1.0,1.0,1.0,1.0,1.0,1.0,1.0,1.0,1.0,1.0,1.0,1.0,1.0,1.0,,,,,,,,,,,,,0.0043859649122807015,0.0035087719298245628,0.005263157894736843,0.004724561403508771,0.21052631578947367,0.21052631578947367,0.21052631578947367,0.21052631578947364,0.0,0.0,0.0,0.0
wisconsin_diagnostic,random_forest,15,14,1000,114,0.21052631578947367,0,0.7368421052631579,1.0,1.0,1.0,1.0,1.0,1.0,1.0,1.0,1.0,1.0,1.0,1.0,1.0,1.0,1.0,1.0,,,,,,,,,,,,,0.00263157894736842,0.0023391812865497055,0.0032163742690058464,0.0027540935672514606,0.21052631578947367,0.21052631578947367,0.21052631578947367,0.21052631578947364,0.0,0.0,0.0,0.0
wisconsin_diagnostic,random_forest,20,19,1,114,0.21052631578947367,0,1.0,1.0,1.0,1.0,1.0,1.0,1.0,1.0,1.0,1.0,1.0,1.0,1.0,1.0,1.0,1.0,1.0,,,,,,,,,,,,,0.0,0.0,0.0,0.0,0.21052631578947367,0.21052631578947367,0.21052631578947367,0.21052631578947367,0.0,0.0,0.0,0.0